validation_id,model_id,runtime_secs,CRPS_fold_0_test,CRPS_fold_1_test,CRPS_fold_2_test,CRPS_fold_3_test,CRPS_fold_4_test,CRPS_fold_5_test,CRPS_fold_6_test,CRPS_fold_7_test,CRPS_fold_8_test,CRPS_fold_9_test,CRPS_fold_10_test,CRPS_fold_11_test,CRPS_fold_12_test,CRPS_fold_13_test,CRPS_fold_14_test,CRPS_fold_15_test,CRPS_fold_16_test,CRPS_fold_17_test,CRPS_mean,CRPS_std,PinballLoss_fold_0_test,PinballLoss_fold_1_test,PinballLoss_fold_2_test,PinballLoss_fold_3_test,PinballLoss_fold_4_test,PinballLoss_fold_5_test,PinballLoss_fold_6_test,PinballLoss_fold_7_test,PinballLoss_fold_8_test,PinballLoss_fold_9_test,PinballLoss_fold_10_test,PinballLoss_fold_11_test,PinballLoss_fold_12_test,PinballLoss_fold_13_test,PinballLoss_fold_14_test,PinballLoss_fold_15_test,PinballLoss_fold_16_test,PinballLoss_fold_17_test,PinballLoss_mean,PinballLoss_std,EmpiricalCoverage_fold_0_test,EmpiricalCoverage_fold_1_test,EmpiricalCoverage_fold_2_test,EmpiricalCoverage_fold_3_test,EmpiricalCoverage_fold_4_test,EmpiricalCoverage_fold_5_test,EmpiricalCoverage_fold_6_test,EmpiricalCoverage_fold_7_test,EmpiricalCoverage_fold_8_test,EmpiricalCoverage_fold_9_test,EmpiricalCoverage_fold_10_test,EmpiricalCoverage_fold_11_test,EmpiricalCoverage_fold_12_test,EmpiricalCoverage_fold_13_test,EmpiricalCoverage_fold_14_test,EmpiricalCoverage_fold_15_test,EmpiricalCoverage_fold_16_test,EmpiricalCoverage_fold_17_test,EmpiricalCoverage_mean,EmpiricalCoverage_std,AUCalibration_fold_0_test,AUCalibration_fold_1_test,AUCalibration_fold_2_test,AUCalibration_fold_3_test,AUCalibration_fold_4_test,AUCalibration_fold_5_test,AUCalibration_fold_6_test,AUCalibration_fold_7_test,AUCalibration_fold_8_test,AUCalibration_fold_9_test,AUCalibration_fold_10_test,AUCalibration_fold_11_test,AUCalibration_fold_12_test,AUCalibration_fold_13_test,AUCalibration_fold_14_test,AUCalibration_fold_15_test,AUCalibration_fold_16_test,AUCalibration_fold_17_test,AUCalibration_mean,AUCalibration_std,IntervalWidth_fold_0_test,IntervalWidth_fold_1_test,IntervalWidth_fold_2_test,IntervalWidth_fold_3_test,IntervalWidth_fold_4_test,IntervalWidth_fold_5_test,IntervalWidth_fold_6_test,IntervalWidth_fold_7_test,IntervalWidth_fold_8_test,IntervalWidth_fold_9_test,IntervalWidth_fold_10_test,IntervalWidth_fold_11_test,IntervalWidth_fold_12_test,IntervalWidth_fold_13_test,IntervalWidth_fold_14_test,IntervalWidth_fold_15_test,IntervalWidth_fold_16_test,IntervalWidth_fold_17_test,IntervalWidth_mean,IntervalWidth_std
[dataset=us_birth]_[cv_splitter=SlidingWindowSplitter],StatsForecastAutoTheta_BaggingForecaster_BlockDistributionBootstrap,4.84424090385437,1699.5194694430356,585.168015692694,775.9822747087472,1008.8516641926489,726.7770222398821,604.0242554609093,1761.230636575406,1398.5488969189405,988.0213796455486,1471.6051409363638,575.8867326853198,793.4846430158924,923.7640334406716,981.0244392364511,824.394666079116,1378.0861930324556,1454.805167361768,1323.187452768494,1070.7978935241304,385.58938203268406,436.9900410243446,165.49907155718128,278.51771845136386,210.7992156846184,253.7871836253576,190.20087947845465,420.961291537966,296.5725140980313,253.14387825557185,266.3518720081876,196.07170543670657,240.05371140071335,281.1859006881715,282.8883906228202,170.0215605054583,264.5208752087185,288.24509805951817,333.9349248068675,268.31921291389176,74.30296863337936,0.7857142857142857,0.9285714285714286,0.9642857142857144,0.7142857142857143,0.8928571428571429,0.9285714285714286,0.3214285714285714,0.8571428571428571,0.9285714285714286,0.9285714285714286,0.9285714285714286,0.8928571428571429,0.8571428571428571,0.8571428571428571,0.8571428571428571,0.9285714285714286,0.8928571428571429,0.8928571428571429,0.8531746031746031,0.1454021665909868,0.0714285714285714,0.2908163265306122,0.3954081632653061,0.3086734693877551,0.4489795918367347,0.211734693877551,0.3928571428571429,0.2372448979591837,0.2295918367346938,0.3290816326530612,0.3086734693877551,0.4209183673469388,0.2448979591836735,0.4107142857142857,0.3061224489795918,0.2346938775510204,0.3826530612244898,0.3801020408163265,0.3113662131519275,0.0955084670818702,9443.422637939451,5842.544692993164,10977.060317993164,4738.713916778564,8597.366752624512,7117.880149841309,6292.305181503296,10314.79341670445,8283.642441885811,9828.793290274483,7361.000541687012,6520.167015075684,8175.16902923584,10048.495971679688,5003.497177124023,7919.842533111572,10019.37419128418,10858.542709350586,8185.700664838155,1977.97403029042
[dataset=us_birth]_[cv_splitter=SlidingWindowSplitter],StatsForecastAutoTheta_BaggingForecaster_BlockResidualBootstrap,4.356884002685547,4855.240676566048,1509.7561580119404,1047.059525267872,462.0047334787381,858.9322891922327,1660.636756058341,2933.9187848320166,1261.715973553751,3460.695034765395,1959.7933813468337,1412.7837039491535,1133.7219403804736,1438.532351987304,3629.429032012756,2005.291474879108,4458.089739250777,2190.4888846580716,1636.2347848211086,2106.351401389551,1253.4371358648305,1094.7465759754186,595.8362729481289,364.2167691963061,121.48414312090196,203.5495731081282,253.030239561626,732.6803756134851,207.0557407379152,1232.169335774013,483.62658192941126,561.0562423365458,241.12274631432135,524.7843393257685,1140.3646329675405,220.4612546103342,1057.195657307761,409.8698632265842,587.2894959143231,557.252213331584,357.8177654333835,0.0,0.1071428571428571,0.1785714285714285,0.9285714285714286,0.75,0.7142857142857143,0.0714285714285714,0.6428571428571429,0.1071428571428571,0.1428571428571428,0.0357142857142857,0.6428571428571429,0.2142857142857142,0.0357142857142857,0.8571428571428571,0.1428571428571428,0.6428571428571429,0.25,0.3591269841269842,0.3253662222861729,0.0739795918367347,0.2806122448979591,0.3826530612244898,0.3010204081632653,0.451530612244898,0.2729591836734694,0.3928571428571429,0.2397959183673469,0.2066326530612244,0.3265306122448979,0.3469387755102041,0.4209183673469388,0.2448979591836734,0.4107142857142857,0.3494897959183673,0.2015306122448979,0.3698979591836733,0.3775510204081632,0.3139172335600907,0.0955885951966897,6997.874638966152,2395.3394737243652,2525.92904138565,3800.9817504882817,3731.2667121887207,6193.717748641968,3589.620898246765,3806.621299743652,6859.212608337402,3476.982011318207,2576.4057025909424,4763.347134590149,3475.8677768707275,4228.962858200073,6883.985015869141,9345.241715022496,5904.483433008194,3009.703896522522,4642.530206428633,1945.064890449492
[dataset=us_birth]_[cv_splitter=SlidingWindowSplitter],StatsForecastAutoTheta_BaggingForecaster_BlockStatisticPreservingBootstrap,4.495764970779419,1647.4239065963218,1201.9351163759482,835.8642187775822,1000.2099908141612,948.1129471564004,921.0222737149672,1962.2949802296905,507.1366504119475,2969.509093748316,2317.286252643635,1033.2089014487572,1301.571255572686,1569.457048428956,5096.173949026329,1570.4479409000162,4808.143157278207,3670.0763699099375,1032.9250416520251,1910.7110608158823,1361.2832374661182,458.1085000174387,148.90516251836505,131.48080613272538,211.0148569345475,194.5914879969189,142.54072968619218,460.5735873154232,136.7758084297181,835.9237444605145,830.1216860907418,243.72767855695324,316.50514208248694,229.0528230258397,1916.165466526577,322.41617462805357,1021.9862310137069,1028.6145755495345,236.74005731855124,492.5135843491272,469.71348993923567,0.5714285714285714,0.8214285714285714,0.8571428571428571,0.6428571428571429,0.8928571428571429,0.8571428571428571,0.3214285714285714,0.8571428571428571,0.1071428571428571,0.0357142857142857,0.5357142857142857,0.6428571428571429,0.75,0.0357142857142857,0.7142857142857143,0.1428571428571428,0.0714285714285714,0.75,0.5337301587301586,0.3223544606371228,0.0688775510204081,0.2806122448979591,0.3775510204081633,0.3010204081632653,0.4540816326530613,0.2729591836734694,0.3928571428571429,0.2423469387755102,0.2040816326530612,0.3214285714285713,0.3469387755102041,0.4209183673469388,0.2474489795918367,0.4107142857142857,0.364795918367347,0.221938775510204,0.3698979591836733,0.3775510204081632,0.3153344671201814,0.0953908240951494,8055.0816650390625,4893.20322227478,4709.775131225586,2754.508080482483,6135.912741661072,3413.8155212402344,4748.678731918335,3942.249988555908,5245.546739578247,3313.318936756679,2092.6329324245453,7150.626989364624,6443.723949432373,6580.469085693359,4434.186192035675,10510.761016845703,8110.074180603027,5347.550094604492,5437.895288874232,2129.008348310222
[dataset=us_birth]_[cv_splitter=SlidingWindowSplitter],StatsForecastAutoTheta_BaggingForecaster_MovingBlockBootstrap,4.503388166427612,2428.333586449908,703.9466550611193,1891.342872846466,636.3734948577261,683.8630146345582,1265.6204373534,2751.781767353364,741.2057765771591,3367.0639846812423,2502.168798369617,837.6933579181795,1727.324223285148,1891.6174204792972,3103.9997588338565,1661.0354018392063,4809.472200376343,2018.2339692912965,1363.2706541508685,1910.2415207977083,1116.7561727425002,570.3060715811594,231.1867656741823,159.542990412031,148.7555547033038,199.67198269707825,388.4683495828084,1129.2757313183374,148.26360331944062,1059.1148557662964,1063.5095657178335,144.92415146146504,290.80424785614025,237.6242683751243,646.6205202715737,470.97996902465826,1080.9147468839371,322.04667355673666,281.02865310396487,476.27992785033734,362.7472758969056,0.4642857142857143,0.2857142857142857,0.8571428571428571,0.7142857142857143,0.8928571428571429,0.1071428571428571,0.0357142857142857,0.7857142857142857,0.1071428571428571,0.0357142857142857,0.8214285714285714,0.8928571428571429,0.7142857142857143,0.25,0.25,0.1428571428571428,0.8928571428571429,0.6785714285714286,0.496031746031746,0.3376817213165348,0.0688775510204081,0.2806122448979591,0.3903061224489795,0.3010204081632653,0.4489795918367347,0.2704081632653061,0.3928571428571429,0.2423469387755102,0.2066326530612244,0.3265306122448979,0.3469387755102041,0.4209183673469388,0.2448979591836734,0.4107142857142857,0.3928571428571429,0.183673469387755,0.3698979591836734,0.3775510204081632,0.3153344671201814,0.0992109819036844,6515.727066040039,3067.3459939956665,5181.6533279418945,2299.7765007019043,6175.5251121521,2327.2970672334945,2685.9621079308645,3793.529787336077,5150.756092071533,4754.008490289961,3867.7480659484863,9302.073936462402,6491.650983810425,6092.652370725359,3509.1761016845703,13652.871864318848,11195.86155155727,5461.612846919468,5640.2905148400205,3070.7476748183203
[dataset=us_birth]_[cv_splitter=SlidingWindowSplitter],StatsForecastAutoTheta_ConformalIntervals_M,6.96474027633667,8812.70352300895,9407.80379561149,9117.199626891064,7872.024825441071,8186.251499040131,8659.705360329057,8188.19487023797,8648.896944773765,8784.698611096317,8917.124599981978,8970.425439503802,9820.946273371284,10755.94671122127,10840.610072673491,11277.54928125,12400.717520963672,13535.97624346812,13512.918057740011,9872.760736477969,1786.0537703346183,1283.9748906500067,1422.9107613828603,1388.7695211016287,1190.481457213672,1231.4621056299252,1311.6904959438648,1251.402528723941,1293.3195061158772,1330.5780081783746,1323.0154684457978,1340.6830141873088,1438.860210646927,1608.7520837188868,1627.0111366572924,1672.7298460068216,1847.4982999933263,2018.1066635957552,2008.5041752048917,1477.2083429665088,261.0196868449,0.9642857142857144,1.0,1.0,1.0,1.0,1.0,1.0,1.0,1.0,1.0,1.0,1.0,1.0,1.0,1.0,0.9642857142857144,1.0,1.0,0.9960317460317462,0.0115493154779206,0.0765306122448979,0.2780612244897959,0.3903061224489796,0.3010204081632653,0.4540816326530613,0.2678571428571428,0.3928571428571429,0.2423469387755102,0.2066326530612244,0.3239795918367346,0.3469387755102041,0.4209183673469388,0.2448979591836734,0.4107142857142857,0.3520408163265305,0.1964285714285714,0.3698979591836734,0.3775510204081632,0.3140589569160998,0.0962487640307657,50961.379060140185,56916.4304553144,55550.78084406512,47619.25828854686,49258.484225197,52467.61983775457,50056.10114895762,51732.78024463508,53223.120327134966,52920.618737831894,53627.32056749232,57554.408425877045,64350.08334875545,65080.44546629167,66909.19384027284,73804.39434135302,80724.26654383016,80340.16700819561,59060.93626175811,10450.55850562363
[dataset=us_birth]_[cv_splitter=SlidingWindowSplitter],StatsForecastAutoTheta_ConformalIntervals_conformal,7.108428001403809,3494.466597688861,2826.332086227089,2465.534328215671,2204.49185916547,2599.795714560047,2656.371269225218,2181.98319321336,2162.7873629406663,1922.385237802391,2158.5468217015177,1891.180779104236,2193.30089485402,2008.805414163294,2668.785085914638,2451.843065595343,2619.393193666869,2785.841296152713,2505.5598383369897,2433.1891132515775,393.7680623117453,980.629154192806,1033.7236138299538,1046.405187422889,889.9373894389564,968.5204813826092,1020.6369694701268,929.181034669195,1057.239712341279,1087.1901911033906,1113.244305210114,1128.889208601884,1226.8798329979188,1332.4744398983894,1315.1067733904297,1393.8004811361866,1621.838445523127,1673.1781315912526,1717.246050659589,1196.4511890477831,258.79021918849054,0.9285714285714286,1.0,1.0,1.0,0.9642857142857144,1.0,1.0,1.0,1.0,1.0,1.0,0.9642857142857144,1.0,1.0,1.0,0.9642857142857144,1.0,1.0,0.9900793650793652,0.0205183267842907,0.0663265306122449,0.288265306122449,0.3775510204081632,0.3035714285714285,0.4540816326530613,0.2704081632653061,0.3928571428571429,0.2423469387755102,0.2244897959183673,0.3112244897959183,0.3494897959183673,0.4209183673469387,0.25,0.4107142857142857,0.3239795918367347,0.2091836734693877,0.3673469387755101,0.3775510204081632,0.3133503401360544,0.0942934134797382,37854.32644112792,41348.94455319814,41856.20749691555,35597.49557755824,38450.92891845022,40825.47877880505,37167.24138676779,42289.58849365114,43487.60764413561,44529.77220840454,45155.56834407534,48890.28256857396,53298.977595935554,52604.270935617176,55752.01924544742,64790.696056747445,66927.12526365007,68689.84202638354,47750.90964085804,10429.403066676572
[dataset=us_birth]_[cv_splitter=SlidingWindowSplitter],StatsForecastAutoTheta_ConformalIntervals_empirical,7.268810033798218,3293.150983410234,2638.8684040800067,2402.471844861049,2129.690424213495,2425.7583606330772,2244.0956276572974,2206.2219897724494,1775.7999075565046,1971.6666220923337,1918.5665478661704,1840.8295755163103,1803.2922388977895,1776.5950704345512,2482.0243128672514,2438.997990806272,2572.2136783738483,2555.84484857289,2513.3562074487345,2277.191368614459,395.2792708068589,965.8691786818848,989.5198363426756,958.1355458390292,854.6932690101016,951.4213251059184,975.5311745245122,887.4280277250073,1025.9495693905656,991.6932194322352,976.0248979783914,1111.6061172275038,1162.159725621093,1291.3620544239034,1320.7922524926498,1326.5487838195058,1431.946321551545,1504.9491200785133,1610.8869262798348,1129.806519195826,228.25603420019067,0.8928571428571429,1.0,1.0,1.0,1.0,1.0,1.0,1.0,1.0,1.0,1.0,0.9642857142857144,1.0,1.0,1.0,0.9642857142857144,1.0,1.0,0.9900793650793652,0.026853710768647,0.0739795918367347,0.2831632653061224,0.3801020408163265,0.3010204081632653,0.4489795918367348,0.2704081632653061,0.3877551020408163,0.2397959183673469,0.2091836734693877,0.3061224489795918,0.3469387755102041,0.4209183673469388,0.2397959183673469,0.4107142857142857,0.3571428571428572,0.2142857142857142,0.3749999999999999,0.3775510204081632,0.3134920634920635,0.094604035362228,36705.639730392184,39580.79345370702,38325.421833561144,34187.73076040403,38056.85300423672,39021.24698098046,35497.12110900028,41037.98277562259,39667.72877728939,39040.99591913563,44464.24468910013,46360.335115541944,51654.4821769561,52831.69009970597,53061.9513527802,57000.53995225429,60197.9648031405,64435.477051193375,45062.67775472233,9200.14558590362
[dataset=us_birth]_[cv_splitter=SlidingWindowSplitter],StatsForecastAutoTheta_ConformalIntervals_empirical_residual,7.141899108886719,2703.23733211548,1495.5461482032554,1406.9529588852645,1249.865632026628,1368.5354018190626,1498.2676832097625,1613.057588209883,1044.0990948533638,1142.7371803436006,1424.0648791699095,1101.4685555376536,1162.3651699009663,1058.0487966639653,2149.4515546948055,1351.681773498906,1672.7714598105888,1736.5155308500962,1570.7466793873891,1486.07852328781,412.2804966176958,1529.374124672734,106.90305630560432,254.25141639217713,174.9097008542506,291.3857803493739,220.7624089721646,833.500169940335,231.7546542996967,416.8241466415347,781.3265546246935,165.60873841583717,273.57030475573833,345.3403070202893,1332.5130836338649,327.223034851891,492.9210586782865,419.3947003529753,461.822141735044,481.07696569424945,397.2288969138203,0.0,0.8571428571428571,0.3214285714285714,0.5714285714285714,0.3928571428571428,0.5714285714285714,0.0357142857142857,0.5,0.1785714285714285,0.0357142857142857,0.6785714285714286,0.4642857142857143,0.2142857142857142,0.0,0.4285714285714285,0.1785714285714285,0.3928571428571428,0.3214285714285714,0.3412698412698412,0.2459827968535045,0.0612244897959183,0.2857142857142857,0.3647959183673468,0.298469387755102,0.4566326530612245,0.2704081632653061,0.3877551020408162,0.2448979591836734,0.211734693877551,0.3571428571428572,0.3545918367346939,0.4209183673469389,0.2372448979591836,0.4107142857142857,0.3469387755102041,0.1658163265306122,0.3698979591836734,0.3775510204081632,0.3123582766439909,0.1002285887792687,2295.09177975739,2924.5414133395466,2015.0007157657844,1711.9504911184297,1870.0309748138704,2009.026733248571,1687.4987783023305,1537.6133769203516,1393.015490632402,1181.644762556894,1686.8652460677315,1434.285327216561,1167.1522790704455,1638.3881109986992,1607.9586956841672,2505.136706474849,2377.7887634345466,1609.2439338479653,1814.01297662503,467.5177765464153
[dataset=us_birth]_[cv_splitter=SlidingWindowSplitter],StatsForecastAutoTheta_Fallback,0.7900731563568115,3637.515357467135,3109.5049400458643,3086.217950260281,2763.0174715413677,2929.9132841803803,3088.1835471167547,2994.1901045230034,3016.132169660342,3102.6516622627964,3193.6928890723357,3241.381302466675,3545.709089594794,3690.3445614379048,3979.3558995561502,4085.499581627478,4580.837319182168,4734.754970908784,4824.485943583793,3533.5215580271115,651.996496082254,1059.4375231553383,1090.7368408560635,1070.656300552921,963.5115065917128,998.323842540772,1073.089535665111,975.97759601508,1050.5314306775535,1064.1639702929187,1079.4878077991389,1138.0069851209978,1221.5645887611422,1281.9541640052885,1288.1979999324649,1427.1393347806425,1576.4323033717874,1645.4197718458952,1674.5481382064029,1204.3988688984018,230.34212333418463,0.9642857142857144,1.0,1.0,1.0,0.9642857142857144,1.0,1.0,1.0,1.0,1.0,1.0,0.9642857142857144,1.0,1.0,1.0,0.9642857142857144,1.0,1.0,0.992063492063492,0.0152783082838035,0.0688775510204081,0.288265306122449,0.3775510204081632,0.298469387755102,0.4540816326530613,0.2653061224489795,0.3928571428571429,0.2397959183673469,0.2244897959183673,0.3137755102040816,0.3469387755102041,0.4209183673469388,0.25,0.4107142857142857,0.3494897959183674,0.2295918367346938,0.3698979591836734,0.3775510204081632,0.3154761904761904,0.0933785802648141,41261.50415853648,43629.47363424255,42826.25202211683,38540.4602636685,39891.34679677519,42923.58142660443,39039.1038406032,42021.257227102134,42566.55881171674,43179.51231196554,45520.27940483992,48561.75126964672,51278.16656021153,51527.91999729859,57085.57339122569,62773.87941521341,65816.79087383578,66981.92552825609,48079.18538521441,9232.911331682568
[dataset=us_birth]_[cv_splitter=SlidingWindowSplitter],StatsForecastAutoTheta_NaiveVariance,75.6316978931427,3513.0201970260123,2978.439853016099,2930.1306941551215,2615.4066052644303,2789.838108024157,2914.6592106862327,2834.0830564539815,2862.1629320201514,2941.803609636431,3036.7909137224697,3058.2683185407504,3343.9992904919973,3500.0126024093743,3823.4313272240247,3883.1117984679736,4374.879265060174,4480.804186925757,4553.297697112052,3357.452203679844,620.4716702533613,996.325475858671,1034.141839270978,1004.7958901919178,902.139537088457,938.8680783579769,1001.384543521478,906.3076739187682,986.2170693204424,996.2343349725955,1011.7981772748004,1062.61713702616,1138.5430017910007,1202.5392034286715,1217.3090890639198,1342.081311229099,1487.4506668926097,1539.449674111365,1562.298903542888,1129.4723114923222,216.26213091486215,0.9642857142857144,1.0,1.0,1.0,0.9642857142857144,1.0,1.0,1.0,1.0,1.0,1.0,0.9642857142857144,1.0,1.0,1.0,0.9642857142857144,1.0,1.0,0.992063492063492,0.0152783082838035,0.0688775510204081,0.2806122448979591,0.3903061224489795,0.3010204081632653,0.4540816326530613,0.2704081632653061,0.3928571428571429,0.2423469387755102,0.2091836734693877,0.3265306122448979,0.3469387755102041,0.4209183673469388,0.2448979591836734,0.4107142857142857,0.3520408163265305,0.2015306122448979,0.3698979591836733,0.3775510204081632,0.314484126984127,0.0967443141602849,38833.743619509354,41365.6735708391,40191.835607676694,36085.58148353826,37520.60083243227,40055.38174085909,36252.30695675071,39448.68277281767,39849.37339890381,40471.927090991994,42504.685481046385,45241.25808719212,48101.56813714686,48692.36356255678,53683.2524491639,59226.27948834978,61577.986964454576,62491.9561417155,45088.58096588582,8665.549041152159
[dataset=us_birth]_[cv_splitter=SlidingWindowSplitter],StatsForecastAutoTheta_SquaringResiduals,84.12428498268127,16951.94697255838,2290.0146906634914,99160.9516297849,1802.7016194897424,150282.38164959228,2093.2349843264096,274868.7016043197,150941.0248525949,2517.4403763695605,130899.3332780926,2079.384390920209,74507.44181392435,3049.720886287072,358999.82081973087,219349.1332086223,3314.98282303288,181939.55716515827,2964.8916922036856,93222.92580320398,110466.21277856476,3448.6728717919277,789.6037362593233,45909.82070750774,601.2737044421373,71064.72785134101,717.8747838589684,133821.52817836907,70975.01352650092,830.0677730732202,61252.66941342912,709.3863054714793,32698.471303401,936.430020120258,174340.97973240374,104690.53258482597,1119.2503702019424,84710.90896178294,1008.3446181354296,43868.0864690509,53596.44068437472,0.0,1.0,0.0,1.0,0.0,0.9642857142857144,0.0,0.0,1.0,0.0,0.9285714285714286,0.0,1.0,0.0,0.0,1.0,0.0,0.9642857142857144,0.4365079365079365,0.5024781856599936,0.0765306122448979,0.2857142857142857,0.2499999999999999,0.2908163265306122,0.2499999999999999,0.2704081632653061,0.2499999999999999,0.2499999999999999,0.2704081632653061,0.2499999999999999,0.3290816326530612,0.2653061224489795,0.2346938775510204,0.2499999999999999,0.2499999999999999,0.2755102040816326,0.2499999999999999,0.3775510204081633,0.2597789115646258,0.057285303610532,35485.490555242715,31584.14945037291,26360.318107381252,24050.948177685477,29274.572954853513,28713.263708274702,25945.00187093903,32283.823345759844,33202.71092292879,30140.173545721696,28121.49459400561,32712.915006337844,37457.20080481031,37048.16981530877,35792.172886884524,44770.01480807766,44947.23404138137,39726.43706810569,33200.893981337314,6023.6526738310085
[dataset=us_birth]_[cv_splitter=SlidingWindowSplitter],naive_dirft_BaggingForecaster_BlockDistributionBootstrap,1.5740389823913574,8721.945150503525,1376.8534647777185,3309.869744381278,3214.8405710377333,2337.663195129208,4163.264593270711,1910.9881329377197,5251.717025975894,3857.7023928066146,3720.7882427996137,3721.451884413344,11126.8488487782,2087.706811465554,4333.727169402848,9538.73263941696,5200.785873186412,5873.309413066724,5793.567493296473,4752.320147035918,2683.118159399106,842.520214260956,627.3932667142054,717.8463924553712,772.6512183883633,753.6905244261746,1041.4723343102312,545.7564924702283,998.5521904743088,819.8019902598589,914.1187625514308,1007.8851312144928,886.2408217793159,760.5623312380657,802.8405005010757,1372.4972880988666,996.9590359164245,1105.27675646557,751.6539499716367,873.2066223053653,193.24751011132972,0.9642857142857144,0.9642857142857144,1.0,1.0,0.9642857142857144,1.0,1.0,1.0,0.9642857142857144,1.0,1.0,0.9642857142857144,1.0,1.0,1.0,0.9642857142857144,0.9285714285714286,1.0,0.9841269841269842,0.0219892415519713,0.0688775510204081,0.2474489795918367,0.4285714285714285,0.423469387755102,0.4489795918367347,0.2448979591836735,0.3954081632653062,0.1198979591836734,0.3443877551020408,0.163265306122449,0.3979591836734694,0.4897959183673469,0.336734693877551,0.4081632653061224,0.163265306122449,0.2066326530612245,0.4285714285714285,0.2091836734693877,0.3069727891156463,0.1295639485641099,33498.22396431253,25072.574445748647,28713.855698214826,30906.04873553451,29930.341574488903,41658.89337240922,21830.259698809128,39942.08761897234,32474.733627422323,36564.750502057206,40315.405248579686,34608.67937412146,30422.49324952261,32113.620020043018,54899.891523954655,39134.546713444965,43766.35460549217,30066.157998865463,34773.27322066632,7688.3304194172815
[dataset=us_birth]_[cv_splitter=SlidingWindowSplitter],naive_dirft_BaggingForecaster_BlockResidualBootstrap,1.650367021560669,12195.47762503428,4247.9721192183415,4833.263335531371,806.6913169241943,16163.854968937658,955.579863489367,4204.190730386233,6080.647431194961,15907.4773661145,3703.085207790409,4396.457462139652,25738.708225489972,11263.398332929368,5093.615834519206,714.7353904510499,23743.464795286385,9351.063060206056,4270.185032846887,8537.21489436055,7542.139581749645,5956.73226491175,718.8862978844446,2183.820963278042,194.3752239646102,8014.245178898068,631.5905227066411,1672.284099714955,2417.145465070224,766.706940390209,1409.572041735489,1065.462906970825,12354.85525718436,5002.923273347283,1778.2137370649443,306.5659406795075,1175.9812154298554,3479.941634104383,321.9332446613416,2747.290900444274,3221.70732150764,0.0714285714285714,1.0,0.0357142857142857,1.0,0.0357142857142857,1.0,0.0357142857142857,0.1428571428571428,0.9642857142857144,0.0357142857142857,0.2142857142857142,0.0357142857142857,0.0714285714285714,0.0357142857142857,0.4642857142857143,0.9642857142857144,0.0,0.8214285714285714,0.3849206349206349,0.4316339380492731,0.0943877551020408,0.2181122448979591,0.489795918367347,0.3443877551020407,0.3686224489795918,0.1377551020408163,0.2704081632653061,0.1913265306122449,0.1428571428571428,0.4489795918367347,0.3061224489795918,0.2678571428571429,0.1568877551020408,0.0918367346938775,0.1887755102040817,0.1058673469387755,0.4872448979591836,0.2474489795918367,0.2532596371882086,0.1308393811736425,2035.1310638035957,28755.451915377773,1928.0874844391517,7775.008958584406,1585.547563831906,25263.62090826564,2512.8910319037677,9512.409352460254,30468.942896431086,7640.604914289258,3727.188451472438,1577.024909597652,21564.172671287124,3711.082201634225,1464.6236637485094,46969.23751403303,5418.253445988499,9547.061316346302,11747.574459083036,13193.826983016808
[dataset=us_birth]_[cv_splitter=SlidingWindowSplitter],naive_dirft_BaggingForecaster_BlockStatisticPreservingBootstrap,1.5825610160827637,11008.034791757913,7182.089903224946,4806.375377363043,1269.0860797580165,15800.170886670672,1201.8295839626232,3498.5264952427606,5809.9670062208515,18638.043734488652,1474.4294369284962,4273.833482158609,24888.01124218125,8783.349726574108,3944.424128274834,710.2156837092417,32480.642472995787,10367.137766655213,4059.3287438794,8899.749807891467,8839.229910673186,458.3775636679857,3134.722176351046,2173.4003166195325,492.7619173109181,7754.942981548785,417.3790699796768,1436.2013095215696,2432.6599752491898,9101.087720190157,253.3020365825467,1465.134196495774,11798.4653882645,4253.060618971903,310.9617661851359,212.9239065020108,15724.006155546387,4145.437092098826,1821.394983071602,3743.678843008752,4480.322912126309,0.8928571428571429,0.0714285714285714,0.0357142857142857,0.0357142857142857,0.0714285714285714,0.1071428571428571,0.0357142857142857,0.1428571428571428,0.0357142857142857,1.0,0.1071428571428571,0.0714285714285714,0.0714285714285714,0.75,0.9642857142857144,0.0357142857142857,0.0714285714285714,0.0357142857142857,0.251984126984127,0.361625694040633,0.0089285714285714,0.2168367346938775,0.2678571428571429,0.2091836734693877,0.4770408163265306,0.2321428571428571,0.2066326530612244,0.2091836734693877,0.1301020408163265,0.3571428571428572,0.4719387755102041,0.4362244897959183,0.1887755102040816,0.1607142857142857,0.2193877551020408,0.1275510204081632,0.4872448979591836,0.4005102040816327,0.267077664399093,0.1388492096133489,16643.982925636003,5674.059265392142,2554.8796515128747,1199.3335879873569,2938.9840788370107,1206.0692044257137,2929.412867734027,3150.854204479471,2600.679728661748,10132.081463301862,2675.8498225844605,4131.886148416158,1816.917070869444,7916.799672587686,8434.189636782005,4754.364509634205,24372.606708189072,2361.606966785658,5860.808750767606,6041.39604834801
[dataset=us_birth]_[cv_splitter=SlidingWindowSplitter],naive_dirft_BaggingForecaster_MovingBlockBootstrap,1.5093200206756592,12681.142004069416,2218.339194344509,4665.70014606811,1651.7677383340508,16269.96687972371,1291.0384989414722,4787.969056037189,5351.252651494177,16829.33746020382,1919.692397575178,5807.866537922695,24831.646375225653,9267.512346708285,5581.736687459636,529.5377808045964,32857.97440912875,9028.645124122217,5014.572325007417,8921.427645176162,8799.734565334484,5917.737421507065,761.4903846153851,2133.5276393249605,607.1727874803771,7895.372311616955,292.467253728414,1974.4930582810048,2590.8397419544735,977.8516826923072,249.19168956043967,1644.204655612245,12198.324725274722,4374.466375588696,2310.730842817896,125.38669054160133,15991.734188579276,3626.3029827315536,2102.0135645604396,3654.0726664704334,4362.468455138136,0.1428571428571428,1.0,0.0357142857142857,0.0357142857142857,0.0357142857142857,0.3214285714285714,0.0357142857142857,0.1428571428571428,0.2857142857142857,1.0,0.2142857142857142,0.0714285714285714,0.0714285714285714,0.0357142857142857,0.8214285714285714,0.0714285714285714,0.1071428571428571,0.0357142857142857,0.2480158730158729,0.3319863239668973,0.173469387755102,0.3341836734693877,0.4923469387755101,0.1734693877551019,0.2869897959183673,0.2066326530612244,0.2321428571428571,0.0918367346938775,0.1173469387755102,0.1760204081632652,0.4132653061224489,0.4591836734693877,0.2040816326530612,0.0943877551020408,0.2653061224489796,0.1275510204081632,0.2499999999999999,0.4540816326530612,0.2529053287981859,0.128943335458976,3393.032967032966,30459.615384615383,2096.967032967032,943.177197802196,2642.3021978021975,1423.93543956044,1690.6112637362646,1503.267857142861,19951.704670329673,9967.667582417582,17015.05631868132,3599.4175824175877,1488.5412087912082,2926.682692307691,2316.152472527479,4413.270604395605,4826.771978021984,2227.8914835164846,6271.448107448109,8096.959358069813
[dataset=us_birth]_[cv_splitter=SlidingWindowSplitter],naive_dirft_ConformalIntervals_M,1.2225561141967771,13429.045827978314,12319.899413386349,12621.76425065609,11853.967161229084,13460.365629088916,12162.066127381857,11598.241263415212,11064.76675329723,14600.097389180675,12643.017498125564,12403.78494673948,17429.14559738502,14255.197954460007,16014.187269504662,16013.309773711895,24156.41964767064,19551.671345658775,19395.377765211797,14720.684756337863,3482.105300404552,1842.2188591975691,1848.6248472344832,1866.6084144814329,1826.199126118977,1737.4473270811409,1828.9436167291756,1702.2042064980888,1648.1156943349529,1784.9485996596804,1870.5841414120205,1880.956680290316,1911.2931815657007,2132.016868489148,2386.372330238273,2452.4661774213782,2930.5565078114414,2889.766844701966,3079.0219164966284,2089.9080744312428,456.2886318540278,1.0,1.0,1.0,1.0,1.0,1.0,1.0,1.0,1.0,1.0,1.0,1.0,1.0,1.0,1.0,1.0,1.0,1.0,1.0,0.0,0.0357142857142857,0.1862244897959183,0.0918367346938775,0.3035714285714285,0.4948979591836734,0.2704081632653061,0.4795918367346939,0.1454081632653061,0.0918367346938775,0.0943877551020408,0.3928571428571428,0.4923469387755101,0.2142857142857142,0.4923469387755101,0.1811224489795918,0.0790816326530612,0.1275510204081632,0.3775510204081632,0.2528344671201814,0.1636654967610487,73688.75436790274,73944.9938893793,74664.33657925726,73047.96504475905,69497.89308324558,73157.74466916699,68088.1682599235,65924.62777339808,71397.94398638721,74823.36565648078,75238.26721161262,76451.72726262796,85280.67473956589,95454.89320953088,98098.64709685509,117222.2603124576,115590.67378807857,123160.87665986508,83596.32297724969,18251.545274161104
[dataset=us_birth]_[cv_splitter=SlidingWindowSplitter],naive_dirft_ConformalIntervals_conformal,1.134610891342163,7635.674659152375,5326.615321756288,5031.331886873042,3730.627229645329,10092.102202084714,3853.500728074665,4565.711526617293,4592.168060512557,11394.092638395186,4983.027479003626,5657.4816289991895,16233.499843468724,6940.426095453308,5845.446344403729,6422.151259953046,20590.778808085055,9003.87015686267,7087.827638959694,7721.46297268336,4474.920928750865,1408.0130670184178,1421.3243208686624,1391.9439626337603,1270.3079249055147,1172.3434666374303,1299.3720971721962,1229.081280515416,1341.041632470265,1457.4612042141353,1438.1179422837752,1519.4153143954384,1539.9356384532211,1700.88517600027,1643.3309417061996,1979.873785337652,2123.1379593560505,2153.374895659121,2230.0665357902903,1573.2792858565454,332.16657319662175,0.9642857142857144,1.0,1.0,1.0,1.0,1.0,1.0,1.0,1.0,0.9642857142857144,1.0,0.9642857142857144,1.0,1.0,1.0,1.0,1.0,1.0,0.9940476190476192,0.0136958033722744,0.0331632653061224,0.1989795918367346,0.1224489795918367,0.3086734693877551,0.4846938775510204,0.2448979591836734,0.4744897959183674,0.1403061224489796,0.0790816326530612,0.0892857142857142,0.3724489795918367,0.4948979591836734,0.2627551020408163,0.4821428571428571,0.1811224489795918,0.0918367346938775,0.135204081632653,0.3801020408163265,0.2542517006802721,0.1591284494967925,56131.86697295463,56852.97283474648,55677.75850535038,50812.316996220565,46893.73866549718,51974.88388688782,49163.25122061664,53641.66529881058,58298.44816856542,57523.12138614104,60776.61257581751,61553.60422769858,68035.40704001077,65733.23766824797,79194.95141350607,84925.518374242,86134.99582636482,89202.66143161156,62918.167360738335,13292.556291018289
[dataset=us_birth]_[cv_splitter=SlidingWindowSplitter],naive_dirft_ConformalIntervals_empirical,1.142159938812256,7885.535250100905,4822.767385655433,4724.707013589757,4075.53042608281,9884.580191121631,4019.706313567707,4309.807337442291,5011.144341537646,12425.82414735181,4136.532175739846,5583.392491501495,15979.20490965224,6453.827779313009,5102.275998003999,5990.934182422446,21779.391144249057,8729.863069709323,7903.4896530699825,7712.139656117299,4764.760161275936,1242.5082427275806,1146.300605806295,1221.752849765567,1259.3221732620505,1234.490523325852,1375.2308568964932,1100.5437311719909,1367.7960048931664,1222.0394925462488,1240.1429785447283,1394.2624871230985,1434.078607861224,1569.7896439447811,1517.3204994033874,1806.3848714624175,1829.5526151868296,1976.3979131363703,2121.99096262805,1447.772503315896,299.2685483153352,0.9642857142857144,1.0,0.9642857142857144,1.0,0.9642857142857144,1.0,1.0,1.0,1.0,0.9642857142857144,1.0,0.9285714285714286,1.0,1.0,1.0,0.9642857142857144,1.0,1.0,0.9861111111111112,0.0217030353183637,0.0459183673469387,0.1428571428571428,0.1071428571428571,0.3086734693877551,0.4948979591836733,0.2780612244897959,0.4744897959183674,0.1505102040816326,0.096938775510204,0.086734693877551,0.3826530612244898,0.4948979591836736,0.2270408163265306,0.4846938775510204,0.1836734693877551,0.0688775510204081,0.1683673469387755,0.3775510204081633,0.254109977324263,0.1610869526162859,49533.42241323436,45852.02423225178,48781.85405857012,50372.88693048199,49083.59576810681,55009.2342758597,44021.74924687961,54711.84019572664,48881.579701849936,49577.3532980876,55770.49948492391,57208.20465426017,62791.585757791225,60692.81997613547,72255.39485849666,72856.70278254402,79055.91652545476,84879.63850512195,57852.01681476537,11971.433668747568
[dataset=us_birth]_[cv_splitter=SlidingWindowSplitter],naive_dirft_ConformalIntervals_empirical_residual,1.1461880207061768,8094.599815276153,4248.162062001926,3815.136712561926,1971.1332898229923,11333.561333709818,2164.4693720747255,3317.36782885264,3365.393562837756,14797.316171774795,2957.5468244287904,2987.317498436267,20819.77155607088,5939.035979386303,4229.896196812705,2454.2663143129753,26658.215597309256,6946.553534681016,4065.960562606186,7231.428011830951,6949.061643865905,5160.161977284981,2455.3595820163187,1985.0964993097923,252.8180676898034,6964.827301717371,183.8679831006779,1976.473252172708,1826.1368931552763,8885.590316088275,1242.2644650418658,1680.672164735101,11710.84763034351,3913.4665619342686,2682.283243640421,192.3056844205874,15411.26324903889,4731.95233685325,1177.1535573761766,4024.0300425510713,4237.578440774301,0.0357142857142857,0.0,0.0,0.4285714285714285,0.0357142857142857,0.8214285714285714,0.0,0.0714285714285714,0.0,0.0,0.0,0.0,0.0357142857142857,0.0,0.7857142857142857,0.0,0.0,0.1428571428571428,0.1309523809523809,0.2652888072657876,0.0586734693877551,0.25,0.1045918367346938,0.3112244897959183,0.4719387755102039,0.2653061224489796,0.4795918367346939,0.163265306122449,0.0739795918367347,0.086734693877551,0.326530612244898,0.4897959183673468,0.2372448979591837,0.4821428571428572,0.1811224489795918,0.2244897959183673,0.1224489795918367,0.3826530612244898,0.2617630385487528,0.1501068896070845,4646.663162408359,4708.904212493316,4758.872090979675,2961.0985887817983,5105.078933565307,4658.942534491879,3120.604227217752,3736.968378360824,2482.9668142457235,3958.394196883533,3137.0078043868166,3551.142923224721,3557.931174833834,3132.5231906579543,4334.205128874571,4391.545859844594,3770.904754400696,5853.996964556311,3992.652830011537,875.3136391507145
[dataset=us_birth]_[cv_splitter=SlidingWindowSplitter],naive_dirft_Fallback,0.4742109775543213,12498.330891090623,11897.686470273577,11654.755571726932,10196.378675660724,13007.675417201754,11498.806379632962,10708.851532229122,11019.27039664383,14233.18422375875,11564.887424942264,12128.154903642797,17292.915081746985,13819.973423777115,13591.482223818648,14998.161762003789,22737.46827466594,17879.14343980778,17277.300044187567,13778.023674267288,3220.990597890148,3922.709001011572,4039.40336421856,3960.6355960922074,3571.823925390009,3758.9862296735337,4033.674610551294,3628.932188272032,3787.140247958261,3951.328208230743,3979.209214919126,4197.695289601555,4449.715898562085,4628.536137623539,4601.620145008054,5268.518569065049,5858.858626277293,6002.640910064238,6018.572898895651,4425.555614523045,816.2219994742926,0.9285714285714286,1.0,1.0,1.0,1.0,1.0,1.0,1.0,1.0,1.0,1.0,0.9642857142857144,1.0,1.0,1.0,1.0,1.0,1.0,0.9940476190476192,0.0183748484081259,0.2627551020408162,0.4209183673469388,0.048469387755102,0.1862244897959183,0.221938775510204,0.1479591836734693,0.4974489795918367,0.3443877551020408,0.4285714285714284,0.0637755102040816,0.1249999999999999,0.1938775510204081,0.3698979591836736,0.4974489795918367,0.1632653061224489,0.4311224489795918,0.0535714285714285,0.221938775510204,0.2599206349206349,0.1522912025610288,156457.28152597646,161576.13456874233,158425.42384368816,142872.95701560032,150359.44918694123,161346.98442205173,145157.2875308812,151485.60991833036,158053.12832922963,159168.36859676495,167907.8115840621,177949.99581586788,185141.44550494145,184064.8058003221,210740.74276260185,234354.3450510916,240105.63640256933,240742.9159558259,176995.01798974935,32665.32791009007
[dataset=us_birth]_[cv_splitter=SlidingWindowSplitter],naive_dirft_NaiveVariance,6.463161945343018,7572.949210902273,5325.659642707384,5028.873268167898,3853.4067798199735,9826.66555329478,4227.324568288309,4588.198060880252,4717.554887391458,11546.196911192656,4653.182529953624,4916.458419889804,15856.316171464148,6612.938170148247,5986.1121409837815,5535.350391708984,20782.1106146509,8214.816206472377,6863.736577358414,7561.547228070847,4483.046466068669,1398.6047551183883,1493.5375471433065,1464.4446531463052,1323.9204265825997,1368.4364667721843,1463.4626783230915,1341.9529506443178,1421.816536291697,1455.2762938437247,1469.5872848412212,1557.718405836315,1645.455078016429,1729.7538871137122,1773.057841881924,1934.3172361942477,2141.0541992729327,2241.8232645886233,2279.4931549550283,1639.095147809225,312.1393534629462,0.9642857142857144,1.0,1.0,1.0,1.0,1.0,1.0,1.0,1.0,1.0,1.0,0.9642857142857144,1.0,1.0,1.0,1.0,1.0,1.0,0.9960317460317462,0.0115493154779206,0.0408163265306122,0.2066326530612245,0.0994897959183673,0.3035714285714285,0.4846938775510204,0.2704081632653061,0.4744897959183674,0.1556122448979592,0.1071428571428571,0.0892857142857142,0.3852040816326531,0.4897959183673469,0.2678571428571428,0.4923469387755101,0.1811224489795918,0.086734693877551,0.1275510204081632,0.3775510204081633,0.2577947845804988,0.1587827975491102,55628.787946357,59741.50188573224,58577.78612585216,52956.81706330396,54737.45867088735,58538.50713292364,53678.11802577269,56872.66145166785,58211.05175374897,58783.49139364881,62308.73623345256,65771.68593322797,69190.15548454846,70922.31367527695,77372.68944776988,85642.16797091729,89672.93058354488,91179.7261982011,65543.69927649076,12500.026685775376
[dataset=us_birth]_[cv_splitter=SlidingWindowSplitter],naive_dirft_SquaringResiduals,30.725035905838013,217770.41499466612,15011.20223865494,623757.5689145493,5327.686561075122,181055.69733286687,57228.80429904254,660319.5878049975,198257.86950054351,66915.49599981864,573307.3325401349,47372.40376517014,55106.18209761761,19086.344542480172,707770.2102655608,174420.7338219639,135576.06601063765,1061433.2413733106,13116.477737688783,267379.62887782103,314047.65847779834,104016.4742037413,1719.4198004730993,307890.66278259835,1013.9467911496764,84535.4805218347,24366.868460140395,325602.63875637687,94479.60082422689,28688.667241143274,280808.3248347297,13952.670930210725,21923.65526083167,1682.6324082342085,347446.0788928567,82170.70651591849,59994.92382932516,523123.7672837988,2622.4881528762476,128113.2781939148,156798.7426145227,0.0,0.5,0.0,0.9285714285714286,0.0,0.0,0.0,0.0,0.0,0.0,0.0,0.0,1.0,0.0,0.0,0.0,0.0,0.9285714285714286,0.1865079365079365,0.3716699998235543,0.2499999999999999,0.4846938775510204,0.2499999999999999,0.2244897959183673,0.2499999999999999,0.1862244897959183,0.2499999999999999,0.2499999999999999,0.4846938775510204,0.2499999999999999,0.3596938775510204,0.3061224489795918,0.2729591836734694,0.2499999999999999,0.2499999999999999,0.1288265306122449,0.2499999999999999,0.3035714285714286,0.2778486394557823,0.0888432808514036,34964.156164080094,42836.78733009626,28640.161747670463,39203.161188559534,43033.38937792634,30503.09377910738,32726.599422207284,33388.56898634213,34248.41421518744,41977.53675407054,69772.32944326369,40427.02667957597,67305.29632936831,46241.00467643597,36191.64625403758,55965.100441094466,54527.059935253266,103262.52540414936,46400.769896023674,18490.541133617335
[dataset=us_birth]_[cv_splitter=SlidingWindowSplitter],naive_last_BaggingForecaster_BlockDistributionBootstrap,1.178393840789795,9592.433115652077,2625.663277802168,6248.594614919189,2157.293271355458,4300.023689308513,6647.664688580038,3393.9637140170385,4297.625810029758,2140.855680077419,2994.3900622300557,5377.142890447065,6686.612793756112,4176.864721543071,4276.978592699676,5448.221659348851,3716.767084630778,6590.461184412195,2993.541983315037,4648.061046340251,1958.4395751734455,3864.3552453262137,826.4058980422483,1014.7096842099954,652.8855913303914,578.8703043911297,535.8792982533303,829.8415822694352,1088.8695228971906,877.538174785145,846.4979032702277,882.2840464557831,998.0075787445032,1122.997279639784,888.4052165510109,910.5895649005188,831.1779678965888,1240.7300635058448,1376.073207274217,1075.89545165242,727.4927977678742,0.1071428571428571,0.9642857142857144,1.0,0.9285714285714286,0.7857142857142857,1.0,1.0,1.0,0.9642857142857144,1.0,1.0,0.9642857142857144,1.0,1.0,1.0,0.9642857142857144,1.0,1.0,0.9265873015873016,0.2109232770104979,0.048469387755102,0.2372448979591836,0.4260204081632653,0.2448979591836734,0.4744897959183674,0.0943877551020408,0.3877551020408164,0.1607142857142856,0.1556122448979591,0.1479591836734694,0.3801020408163266,0.4846938775510204,0.3724489795918367,0.4081632653061224,0.1760204081632653,0.2270408163265306,0.2959183673469387,0.3801020408163265,0.2834467120181406,0.134947288608697,17403.270028686333,33003.43971074528,40588.38736839979,25906.3802566822,19246.200808048125,21435.17193013321,33193.663290777404,43554.7809158876,34430.59249942316,33859.91613080908,35291.36185823131,38975.190097464794,44919.89118559133,35536.20866204042,36423.58259602074,32622.452657815324,49629.20254023375,55042.92829096866,35059.034490442136,9928.393520986863
[dataset=us_birth]_[cv_splitter=SlidingWindowSplitter],naive_last_BaggingForecaster_BlockResidualBootstrap,1.142198085784912,11837.458745389264,5390.324262180751,3597.688326430433,1539.167186872901,0.0,1378.4300378324,4507.3270984181845,5970.843878752248,18542.92516445348,3053.4884151376355,4683.192765564009,24384.20013875544,0.0,4787.496483036302,0.0,22032.345898630225,10386.729804736868,4865.125026030359,7053.152401790028,7500.974717866459,5940.692363773809,373.1477074876393,311.9025785199776,744.0057133526427,7875.028019778776,282.75997663088197,2125.9363625059427,2718.2187692444295,9198.070156972455,1612.0763506278945,2335.149734693622,12167.309421074198,4585.1189255324825,2057.510852822382,88.47740160197708,1418.1479948072388,4953.625769686339,2407.73628335137,3399.7174656924476,3432.9860094966493,0.0714285714285714,0.9285714285714286,1.0,0.0714285714285714,0.0357142857142857,0.3571428571428571,0.0,0.1071428571428571,0.0357142857142857,0.0,0.0357142857142857,0.0357142857142857,0.1071428571428571,0.0357142857142857,0.7142857142857143,0.9642857142857144,0.0,0.0,0.25,0.3713558429119245,0.1058673469387755,0.2181122448979591,0.4923469387755101,0.4821428571428571,0.2869897959183673,0.4362244897959183,0.1020408163265306,0.1760204081632652,0.1683673469387755,0.4821428571428571,0.2869897959183673,0.3469387755102041,0.2499999999999999,0.0790816326530612,0.2142857142857142,0.1173469387755102,0.4770408163265306,0.3265306122448979,0.28047052154195,0.145101064215181,1179.5172679166556,14415.40153349692,12476.103140799103,613.2396814796739,986.4227690285044,1738.4718028040515,1079.3820939724508,10868.523029537257,1117.321976143783,1050.854299429997,565.2751020306084,1128.318950387802,2357.8326602287502,4034.16016453817,2182.6482007687578,56649.058394744025,7007.201878182719,228.0796691917141,6648.767367482275,13243.447540469382
[dataset=us_birth]_[cv_splitter=SlidingWindowSplitter],naive_last_BaggingForecaster_BlockStatisticPreservingBootstrap,1.1002709865570068,9308.75682020062,6534.194707465512,4373.727796747743,2910.9079475553035,15871.585751262002,1167.5549011093165,4080.086083644223,4301.160893173702,17950.16566324402,2265.8698813810233,3813.94852062064,17562.105238894615,8764.1955821703,4784.666911594109,2793.8952885325853,26471.64142377149,7542.860168446515,3984.061047680252,8026.743590416332,6932.428755635691,865.0918101761254,3134.8261056751476,2038.4857093933492,550.9665557729946,7674.543013698631,495.42066046967307,1850.8210665362035,238.29585616438396,8987.834197651666,1112.01489726027,282.0384686888454,1605.3263356164389,4298.40504892368,2198.521687866926,888.3312328767128,1210.310464774951,399.36695205479464,328.70660469667365,2119.961481572081,2511.9747379557816,0.9642857142857144,0.0357142857142857,0.0357142857142857,0.8928571428571429,0.0714285714285714,0.0357142857142857,0.0357142857142857,1.0,0.0357142857142857,0.0357142857142857,0.9285714285714286,1.0,0.0357142857142857,0.0357142857142857,1.0,0.9642857142857144,1.0,0.9285714285714286,0.501984126984127,0.4765623547916213,0.0204081632653061,0.1403061224489796,0.489795918367347,0.3061224489795918,0.4591836734693877,0.2678571428571428,0.1377551020408163,0.0803571428571428,0.1301020408163265,0.4668367346938775,0.4719387755102041,0.489795918367347,0.2040816326530612,0.2321428571428571,0.4362244897959184,0.1058673469387755,0.4872448979591837,0.4362244897959183,0.2979024943310657,0.1691755167129901,33476.24383561642,996.1205479452036,2208.763013698616,20800.742465753425,2359.4328767123307,811.080821917807,2121.7369863013714,9531.834246575356,2106.2465753424617,2130.047945205494,10548.149315068487,64213.05342465752,571.0493150684911,869.8890410958882,35533.24931506849,48401.29726027396,15974.678082191773,11775.397260273983,14690.500684931503,18817.970245216005
[dataset=us_birth]_[cv_splitter=SlidingWindowSplitter],naive_last_BaggingForecaster_MovingBlockBootstrap,1.0394129753112793,12141.924420243962,6762.455613534669,4166.223637504101,1637.9031942073157,15680.67444333944,670.5033426566795,3076.1383672743173,5190.041281116253,18221.37310958318,2654.6643384442914,4744.647589105954,23700.68311423304,5776.3934712638975,5164.244875636201,676.4140295392151,32073.01713635745,8812.554170540794,4791.173816310547,8663.390552827295,8602.461435007808,5912.835714285714,2779.5500000000006,398.3375000000001,582.8214285714286,7853.414285714286,394.75000000000006,921.6875000000005,2574.121428571429,9200.103571428572,1066.7178571428572,2330.192857142857,9169.675,855.9035714285719,2625.510714285714,178.98214285714286,15976.07857142857,4133.85,2409.985714285714,3853.584325396825,4244.537585111116,0.1071428571428571,0.0357142857142857,0.4285714285714285,0.1428571428571428,0.0357142857142857,1.0,1.0,0.1071428571428571,0.0357142857142857,0.1428571428571428,0.0,0.0357142857142857,0.9285714285714286,0.0,0.6071428571428571,0.0357142857142857,0.0714285714285714,0.0,0.2619047619047619,0.3642156795423418,0.0561224489795918,0.173469387755102,0.4948979591836734,0.2678571428571429,0.4591836734693877,0.2283163265306122,0.2321428571428571,0.1020408163265306,0.1428571428571428,0.4821428571428571,0.3903061224489796,0.4362244897959183,0.1913265306122449,0.0841836734693877,0.2168367346938776,0.1275510204081632,0.4948979591836734,0.4451530612244898,0.2791950113378685,0.1571177937126178,2362.0,1852.0,5713.5,610.0,1773.0,15790.0,36867.5,797.0,1402.0,2238.0,367.0,8572.0,34009.0,1499.0,5165.0,2671.0,2859.0,543.0,6949.444444444444,11026.070490765069
[dataset=us_birth]_[cv_splitter=SlidingWindowSplitter],naive_last_ConformalIntervals_M,1.0546035766601562,13044.531562331273,12788.447390825368,12288.768934261552,10612.965949766056,13257.091813574994,11933.64264326497,10721.586781320975,11400.64163228274,14661.16692338858,11173.841515516366,12187.800134718813,16774.257290141097,15251.260143776322,13829.844884036336,15229.016429195302,22606.50457529972,17146.161504589465,17988.021314549464,14049.75285682441,3081.705753334954,1831.6743239795928,1963.2092984693888,1789.1913265306134,1639.8790114795927,1693.861269132654,1797.878424744899,1617.2880994897969,1687.3078188775517,1830.6466645408168,1657.0283673469394,1851.370446428573,1869.8619132653075,2300.2696683673485,2037.719936224491,2337.1673660714296,2613.7726785714294,2536.744457908165,2732.9072193877573,1988.2099050453523,357.49940484235805,1.0,1.0,1.0,1.0,1.0,1.0,1.0,1.0,1.0,1.0,1.0,1.0,1.0,1.0,1.0,1.0,1.0,1.0,1.0,0.0,0.0357142857142857,0.1964285714285714,0.1071428571428571,0.3010204081632653,0.4846938775510204,0.2729591836734694,0.4668367346938775,0.1479591836734693,0.086734693877551,0.0892857142857142,0.3928571428571428,0.4923469387755101,0.2551020408163265,0.4846938775510204,0.1811224489795918,0.0612244897959183,0.125,0.3775510204081634,0.2532596371882086,0.161546525491432,73266.9729591837,78528.37193877551,71567.6530612245,65595.16045918368,67754.45076530613,71915.13698979592,64691.52397959184,67492.31275510204,73225.86658163265,66281.13469387754,74054.81785714287,74794.47653061226,92010.78673469387,81508.79744897959,93486.69464285715,104550.90714285716,101469.77831632654,109316.28877551024,79528.39620181406,14299.976193694316
[dataset=us_birth]_[cv_splitter=SlidingWindowSplitter],naive_last_ConformalIntervals_conformal,1.0460658073425293,7342.553873988631,5441.799883056125,4905.354723945093,3751.711131357181,9488.93833734385,4426.134168219321,4456.553468357257,4619.7447477254145,11268.67212838818,4123.400107994642,4964.010898307671,16239.921067856276,7325.299720686477,5493.476719341198,5273.950332484689,19540.585102239816,7350.773856580458,7745.557749467839,7431.024334296673,4327.8315725098255,1332.366428571429,1454.6678571428574,1352.8242857142866,1158.7907142857148,1287.4735714285723,1447.291964285715,1269.8325000000004,1375.8648214285718,1299.89875,1288.4555357142865,1492.4489285714294,1409.7551785714295,1691.766428571429,1647.4658928571434,1767.575357142858,2047.4321428571432,1969.655892857144,2196.1910714285723,1527.2087400793655,296.9746972781308,0.9642857142857144,1.0,1.0,1.0,0.9642857142857144,1.0,1.0,1.0,1.0,0.9642857142857144,1.0,0.9642857142857144,1.0,1.0,1.0,0.9642857142857144,1.0,1.0,0.9900793650793652,0.0164603071058027,0.0433673469387755,0.183673469387755,0.1122448979591836,0.3163265306122448,0.4974489795918367,0.2704081632653061,0.4770408163265306,0.1530612244897959,0.0816326530612244,0.0918367346938775,0.3903061224489796,0.4897959183673469,0.2627551020408163,0.4770408163265305,0.1811224489795918,0.0918367346938775,0.1275510204081632,0.3826530612244898,0.2572278911564625,0.1602819839877911,53254.94285714287,58186.7142857143,54112.97142857143,46351.62857142858,51388.08571428573,57891.67857142857,50793.30000000001,55034.59285714287,51995.95000000001,51467.50714285716,59697.957142857136,56283.77857142857,67670.65714285715,65898.63571428573,70703.0142857143,81881.71428571429,78786.2357142857,87847.64285714287,61069.27817460319,11890.054397455991
[dataset=us_birth]_[cv_splitter=SlidingWindowSplitter],naive_last_ConformalIntervals_empirical,1.007824182510376,7379.689607246949,4934.672738509159,4538.532110039667,4211.092640014225,9848.887313824243,4545.333124221926,4218.649695796149,4855.532026509549,11368.565211479248,4329.2565555795,4567.493775131632,15528.82183189888,5753.00659734993,5974.763015368203,6188.800266461259,20496.89548584143,9179.658508486576,5902.409798227553,7434.558905665894,4456.222990143243,1343.7444642857145,1305.9500892857145,1229.9961160714292,1169.467098214286,1131.5941517857152,1334.5180357142867,1096.8202232142858,1277.6351785714292,1303.7529464285717,1270.498973214286,1351.0296428571437,1452.4410267857154,1358.177098214286,1608.070625,1864.965133928572,1696.7853125,2032.270401785716,2059.4582589285724,1438.1763764880957,293.6778490319836,0.9285714285714286,1.0,1.0,1.0,0.9642857142857144,1.0,1.0,1.0,1.0,1.0,1.0,0.9642857142857144,1.0,1.0,1.0,1.0,1.0,1.0,0.992063492063492,0.0195828171626184,0.0459183673469387,0.2193877551020407,0.1198979591836734,0.3086734693877551,0.4974489795918367,0.2729591836734694,0.4744897959183674,0.1326530612244898,0.0994897959183673,0.096938775510204,0.3954081632653061,0.4923469387755102,0.2780612244897959,0.4821428571428571,0.1811224489795918,0.0510204081632653,0.1607142857142857,0.3724489795918367,0.260062358276644,0.1599621594937788,52978.92142857143,52238.00357142858,49199.84464285715,46778.683928571416,45094.76607142858,53380.72142857144,43872.80892857143,51105.40714285715,52150.11785714285,50819.958928571396,54041.18571428572,58029.92678571428,54327.083928571425,64322.82499999999,74598.60535714285,67871.41249999999,81290.81607142858,82378.33035714286,57471.07886904761,11773.279405274176
[dataset=us_birth]_[cv_splitter=SlidingWindowSplitter],naive_last_ConformalIntervals_empirical_residual,1.091938018798828,7714.26766137616,4117.518835709257,3713.279871838429,2371.321717858806,11265.84927986759,2491.1438648318954,3274.727493858229,3163.7234299840243,14532.89293469367,2716.115356301863,2836.3116259433564,21216.22046773944,5593.791798621988,4126.744853354877,2266.576292771275,26681.316484384235,6744.988580746802,3309.6886387456857,7118.693288257088,7013.112683849577,4884.989107142857,2252.031071428572,2018.7766071428568,231.91464285714284,6976.229464285715,180.9359821428572,1859.7322321428564,1991.9114285714284,8570.514464285714,1500.6874107142849,1806.9358928571428,11674.302499999998,3809.318303571428,2744.3923214285705,194.1701785714287,15016.0975,4485.498392857143,1394.9417857142848,3977.40996031746,4125.414726820319,0.0357142857142857,0.0,0.0,0.6071428571428571,0.0357142857142857,0.8214285714285714,0.0,0.1071428571428571,0.0,0.0,0.0,0.0,0.0714285714285714,0.0,0.75,0.0357142857142857,0.0,0.0357142857142857,0.1388888888888888,0.2744329767298749,0.0510204081632653,0.2321428571428571,0.1454081632653061,0.3137755102040816,0.4923469387755101,0.2755102040816327,0.4719387755102041,0.1581632653061224,0.1275510204081632,0.096938775510204,0.4005102040816326,0.4897959183673469,0.3086734693877551,0.4872448979591836,0.1887755102040816,0.1556122448979591,0.1377551020408163,0.3801020408163266,0.2729591836734694,0.1500963341424195,4997.35,5212.242857142858,4371.707142857145,3030.585714285716,4027.964285714285,4373.689285714287,3461.824999999998,2658.0285714285724,2781.3642857142845,2713.532142857144,2313.9357142857148,2195.9571428571458,3522.410714285714,2636.1928571428584,3709.807142857142,4217.614285714287,4365.007142857143,4515.850000000003,3616.9480158730166,938.9735717288296
[dataset=us_birth]_[cv_splitter=SlidingWindowSplitter],naive_last_Fallback,0.4140627384185791,12250.36538975846,11688.164060338022,11456.783281618753,10022.57911407852,12737.657490480464,11302.784121461897,10529.244228792068,10825.398262680535,13939.682463919413,11370.828031012914,11918.825952936944,16910.51436628254,13575.004850549754,13363.893533680568,14742.56491828951,22244.730182092415,17571.96717693701,16981.129810496815,13524.006513078144,3144.4159687314104,3856.0228795031007,3970.401638585609,3892.977680083617,3510.807221703554,3694.790471561067,3964.7681698518945,3566.940360698578,3722.4474100495217,3883.8488559474554,3911.233266224728,4125.987950635225,4373.790647253709,4549.47159921998,4523.012181714252,5178.51748436364,5758.815344094626,5900.10156475871,5915.759588263398,4349.983017472925,802.2700321108538,0.9285714285714286,1.0,1.0,1.0,1.0,1.0,1.0,1.0,1.0,1.0,1.0,0.9642857142857144,1.0,1.0,1.0,1.0,1.0,1.0,0.9940476190476192,0.0183748484081259,0.2653061224489796,0.4209183673469388,0.048469387755102,0.1862244897959183,0.221938775510204,0.1479591836734693,0.4974489795918367,0.3443877551020408,0.4285714285714284,0.0637755102040816,0.1249999999999999,0.1938775510204081,0.3698979591836736,0.4974489795918367,0.1658163265306122,0.4311224489795918,0.0535714285714285,0.2193877551020408,0.260062358276644,0.1522398736369133,153785.08277423665,158816.06554342428,155719.1072033446,140432.2888681421,147791.6188624426,158590.72679407572,142677.61442794302,148897.89640198083,155353.95423789814,156449.33064898904,165039.51802540894,174911.4896780739,181978.86396879912,180920.48726857,207140.6993745455,230352.61376378496,236004.06259034827,236630.38353053576,173971.76688680795,32107.41556985694
[dataset=us_birth]_[cv_splitter=SlidingWindowSplitter],naive_last_NaiveVariance,6.739897012710571,7333.740911405325,5135.929263888068,4818.82881471182,3659.1994788636935,9589.164278943676,4007.772889899935,4366.084086083408,4522.863608084558,11309.44790568957,4445.45702563244,4682.5254747868685,15558.209378827223,6380.142923377241,5737.24395146231,5291.505591043577,20366.407260138687,7891.994409556951,6520.148212697214,7312.036970282921,4437.6600509553255,1338.6320946027213,1429.73919859871,1385.8577709087508,1255.0475906744027,1297.417095520947,1385.8118627603426,1256.7713202758714,1355.5562781822498,1377.2599323255538,1392.756222366903,1474.4778137359526,1552.671942795665,1649.3716904271837,1679.8871606384128,1848.2076982895176,2035.294637165572,2120.9337665042895,2157.765490320071,1555.1921981162843,296.4440757626031,0.9642857142857144,1.0,1.0,1.0,1.0,1.0,1.0,1.0,1.0,1.0,1.0,0.9642857142857144,1.0,1.0,1.0,1.0,1.0,1.0,0.9960317460317462,0.0115493154779206,0.0408163265306122,0.1887755102040816,0.1071428571428571,0.3061224489795918,0.489795918367347,0.2729591836734694,0.4744897959183674,0.1454081632653061,0.0816326530612244,0.0918367346938775,0.3903061224489796,0.4948979591836734,0.2474489795918367,0.4846938775510204,0.1811224489795918,0.0765306122448979,0.1377551020408163,0.3801020408163265,0.2551020408163265,0.1613240874912674,53226.687922852805,57189.567943948394,55434.31083635,50201.903626976105,51896.68382083784,55432.474510413675,50270.85281103484,54222.251127289965,55090.39729302216,55710.2488946761,58979.11254943808,62053.10703312253,65974.86761708731,67195.48642553648,73928.30793158068,81411.78548662284,84837.35066017152,86310.6196128028,62187.00089465356,11871.712286485352
[dataset=us_birth]_[cv_splitter=SlidingWindowSplitter],naive_last_SquaringResiduals,26.957730054855347,6259.846229544504,3060.2650825185724,17485.501993615057,2793.239274017745,4847.343459472549,2350.876139906898,18759.625699858658,4598.712184428162,2788.5349996152586,14548.500163783896,4979.440420035964,3318.9598127902473,4763.976356827123,18756.870907531233,4212.01356541563,4460.103247522818,28473.688445684347,7243.008683501747,8538.917037003912,7601.708498133773,1010.438219655808,1063.8208321853435,4759.211222873738,968.4801022994916,1062.0937358770443,762.4219657168229,4837.276251537648,833.7204959679302,855.1828985610273,1373.7961567077516,1707.7722154209869,1001.3487039860026,1655.9270165472003,2872.654597682738,904.7370513115602,1385.6746284004532,6636.6697948602405,2521.0142837333706,2011.7911207402865,1704.0533631578633,0.8571428571428571,1.0,0.0357142857142857,0.9642857142857144,1.0,1.0,0.0,1.0,1.0,0.4642857142857143,1.0,1.0,1.0,0.0714285714285714,1.0,1.0,0.0357142857142857,1.0,0.746031746031746,0.4108538105881497,0.0637755102040816,0.3316326530612244,0.3112244897959184,0.298469387755102,0.4260204081632652,0.2346938775510204,0.3622448979591837,0.2627551020408163,0.3035714285714285,0.3877551020408163,0.3418367346938775,0.4107142857142856,0.2525510204081632,0.3571428571428571,0.2729591836734694,0.183673469387755,0.4387755102040817,0.3775510204081632,0.3120748299319728,0.0928276208627652,34976.637481675236,42552.83328741371,28533.62833536154,38394.6433184804,42483.749435081765,30496.878628672905,32442.740469356497,33348.81983871719,34207.31594244107,41498.48211253782,68310.88861683942,40053.948159440086,66237.08066188797,45718.236602937046,36189.48205246239,55426.98513601811,54227.65186288093,100840.5713493348,45885.58740508549,17913.218715667965
[dataset=us_birth]_[cv_splitter=SlidingWindowSplitter],naive_mean_BaggingForecaster_BlockDistributionBootstrap,1.5016510486602783,1997.0608949201808,578.9347420094078,373.0822187779328,502.55318415948994,1377.885641628085,441.6255287024692,973.8000099548656,550.7272026355978,547.6764484624829,931.874110176978,414.03740330036766,903.82421870121,681.529008384159,1302.7610388079963,573.6240092832384,750.324500688527,668.5303097834479,866.3140822492616,802.0091418125389,412.3260411610419,948.2183000263346,100.5452875204656,95.89617845068358,166.73939869646358,437.360701495705,144.01229917430203,357.7771530526083,148.35244831490968,191.2800070913466,194.2636126485641,100.1734568008808,207.91515348989105,249.3629332739228,527.0535325018946,139.8016456075719,211.73000912521312,155.01428114385354,214.14039956705568,254.97982211009256,208.61084699802703,0.0,0.8214285714285714,0.6785714285714286,0.6428571428571429,0.2142857142857142,0.6785714285714286,0.2857142857142857,0.6428571428571429,0.5714285714285714,0.7142857142857143,0.7857142857142857,0.6428571428571429,0.5,0.25,0.8214285714285714,0.75,0.75,0.7142857142857143,0.5813492063492063,0.2371567639043836,0.0778061224489796,0.2869897959183673,0.3826530612244898,0.3010204081632653,0.4464285714285715,0.2678571428571428,0.3928571428571429,0.2525510204081633,0.2334183673469388,0.3214285714285713,0.3392857142857143,0.4183673469387755,0.25,0.4107142857142857,0.3520408163265305,0.2385204081632653,0.3698979591836733,0.3775510204081632,0.3177437641723356,0.0896546238360738,1248.1281000820152,2643.362629645316,1304.0092050434966,1628.4184218514274,2132.5139196094974,1344.7494749274272,1260.8725814112263,1421.93326650376,1308.8306893301112,2840.56006314723,1897.9929342897683,2151.195098791104,1488.282368896039,1280.7375571498335,2817.456159676082,2766.815850131781,2457.5146039724,3618.941047678454,1978.461887340943,727.767836968752
[dataset=us_birth]_[cv_splitter=SlidingWindowSplitter],naive_mean_BaggingForecaster_BlockResidualBootstrap,1.5182538032531738,2844.995178436581,447.641163796646,464.82226501609705,472.2627501371241,1263.2590767189524,495.347692811396,1062.1184816207265,598.5760813972983,588.9869108207996,808.0641214674587,438.29318307982754,1218.1355399253273,758.8439879204245,1423.7260960648618,572.5901645204497,688.293062657036,732.0582355276355,990.7641848222218,881.5987875967145,577.4669086300867,1312.138266646328,122.11615916903008,181.1617229551572,175.38332975804747,578.6190563572718,216.76845674165477,495.4898396032909,267.90215189686063,181.3789787744754,320.886642857996,163.32821562735936,524.2339589021989,250.8133743571353,562.9121606369599,233.1087230273052,234.82876842052224,275.32069927986834,307.7533180389118,355.78576794724296,278.4309346790473,0.0,0.4642857142857143,0.4285714285714285,0.5357142857142857,0.1428571428571428,0.4285714285714285,0.1428571428571428,0.3214285714285714,0.3928571428571428,0.1428571428571428,0.5357142857142857,0.2857142857142857,0.4285714285714285,0.2142857142857142,0.6428571428571429,0.5357142857142857,0.3214285714285714,0.3571428571428571,0.3511904761904761,0.1711701483550071,0.1517857142857142,0.2869897959183673,0.3826530612244898,0.3010204081632653,0.4464285714285715,0.2678571428571428,0.3928571428571429,0.2525510204081633,0.2372448979591837,0.3214285714285713,0.3431122448979592,0.3163265306122449,0.2563775510204081,0.3915816326530613,0.3520408163265305,0.2423469387755102,0.3698979591836734,0.3826530612244898,0.3163973922902495,0.0735806920382905,922.8249328210004,951.0055863604094,549.0740433139617,748.7346552808366,470.05158886677106,616.8465946668603,463.8815964142941,532.6978297583073,941.4642542729408,808.8498074926595,680.8148497269831,629.3857618053426,1014.8349474358364,855.2955137460895,1156.2753313257244,1326.589884392175,768.6946409112708,1265.9197233542702,816.8467523303186,261.2319001365617
[dataset=us_birth]_[cv_splitter=SlidingWindowSplitter],naive_mean_BaggingForecaster_BlockStatisticPreservingBootstrap,1.4481759071350098,2541.91068339858,458.0386409887884,539.7956621133416,531.1971852111819,1255.4844216426206,524.0378198183995,1147.559857487049,629.2712607091014,615.1600209897085,997.7148774209104,494.322575699634,1360.304842711426,789.6800722790379,1414.255060042777,631.7169777167688,885.2923026186892,833.464138917307,1010.0568679311796,925.5146259831388,507.5917228308382,1269.9862069095311,228.99591213092083,269.8673863465294,265.5894008999813,625.9895330745577,262.0120734500332,573.7528852067688,314.16512631448467,306.90817702845,498.843685404616,247.13844406571863,680.1123247618293,394.8045018117896,706.723838412082,315.82848411862074,440.36617311993155,416.69066651792366,504.9964799144117,462.3761833048989,253.5795376556258,0.0,0.0,0.0,0.0,0.0,0.0,0.0,0.0,0.0,0.0,0.0,0.0,0.0,0.0,0.0,0.0,0.0,0.0,0.0,0.0,0.2499999999999999,0.2793367346938775,0.3545918367346939,0.3265306122448979,0.2831632653061224,0.2602040816326531,0.2525510204081633,0.2933673469387755,0.211734693877551,0.2869897959183673,0.3265306122448979,0.288265306122449,0.2499999999999999,0.2474489795918367,0.336734693877551,0.3112244897959183,0.3214285714285714,0.298469387755102,0.2876984126984127,0.0376125349567967,2.393933463796202,0.1425861809420894,0.2107331025126768,0.0790681920825591,4.671390937829528,0.0546891464691725,0.301678458527931,1.4580987505651135,2.6922775854291103,0.0898389281956042,0.1793617341554636,0.2265015806115116,0.2487806713834288,5.745137738973426,0.1969441517394443,6.941735661597704,0.2033042300172383,0.2767574890858668,1.4507121113285597,2.1789701316144656
[dataset=us_birth]_[cv_splitter=SlidingWindowSplitter],naive_mean_BaggingForecaster_MovingBlockBootstrap,1.4368350505828855,2631.820409559175,416.20204055481975,518.261812946291,495.8000163654888,1137.6292456038395,500.5562561321845,1177.0328005445022,544.5793808805455,613.0129241416491,940.5823919733948,452.1196662556229,1196.159038939029,701.8165126423263,1718.7641313296767,546.7017516903353,689.6566377200121,723.581726038041,900.6011261363504,883.604326080738,555.1244652648752,1255.057512042751,139.2729641835655,190.56826390830133,203.068428931636,473.51776644588256,204.31771819423105,473.9065694286153,219.52880456872091,224.73336264274064,423.8194345820469,188.2837496505458,466.5007353605262,285.48301364486684,613.1842744779686,197.0924610223449,246.28407496613025,249.38131693404495,333.1052345110856,354.839204749778,260.97302479775914,0.0,0.4285714285714285,0.5,0.3214285714285714,0.1428571428571428,0.4642857142857143,0.2142857142857142,0.5,0.1785714285714285,0.1071428571428571,0.5,0.2857142857142857,0.4285714285714285,0.1428571428571428,0.6785714285714286,0.5714285714285714,0.6071428571428571,0.3928571428571428,0.3591269841269842,0.1934833524011714,0.1147959183673469,0.2882653061224489,0.3826530612244898,0.3086734693877551,0.4464285714285714,0.2678571428571428,0.3928571428571429,0.2525510204081632,0.2397959183673469,0.3214285714285713,0.3431122448979592,0.3163265306122449,0.25,0.3979591836734694,0.3520408163265306,0.2423469387755102,0.3698979591836734,0.3903061224489796,0.3154053287981859,0.0796313205697921,761.2154297757058,655.6831100406507,638.6771488785353,386.28961312659794,570.0573009182613,799.7172437152094,839.2123965076046,741.0705178383068,646.2265241607602,810.7234382056486,467.98180039138606,966.0021676953284,800.6376787596037,1222.6411937377693,1164.113668523254,1298.1746801144036,1484.0482462742827,1183.702310702997,857.565248298128,302.3277963944782
[dataset=us_birth]_[cv_splitter=SlidingWindowSplitter],naive_mean_ConformalIntervals_M,1.0795440673828125,8734.056127234207,9008.30923855312,8691.524904589061,7793.671066807329,8105.974612684645,8513.03462341265,8157.091041567632,8399.948544141094,9032.334653775411,8763.688556865472,9053.807928888687,9619.224715330583,10355.581715118222,10647.602997540364,11524.518142908635,11973.344732490235,12933.794149573778,13344.16278076346,9702.8705851247,1704.5190187873463,1314.1914349517174,1398.608822916011,1296.1047156633963,1181.7303406219894,1212.8839834309017,1289.670914591764,1246.1901242013255,1269.4109683700858,1354.8750746272387,1308.5897853420145,1337.77905728097,1420.8272751813447,1529.4047505186309,1610.7434278881187,1712.5884388407412,1771.8886692926958,1926.814492642739,1985.20161617862,1453.7502162522392,246.57132421964133,0.9642857142857144,1.0,1.0,1.0,1.0,1.0,1.0,1.0,1.0,1.0,1.0,1.0,1.0,1.0,1.0,1.0,1.0,1.0,0.998015873015873,0.0084179378712684,0.0688775510204081,0.2882653061224489,0.3826530612244898,0.3010204081632653,0.4464285714285714,0.2678571428571428,0.3928571428571429,0.2499999999999999,0.2321428571428571,0.3214285714285713,0.3418367346938775,0.4209183673469388,0.25,0.4107142857142857,0.3520408163265305,0.2372448979591837,0.3698979591836734,0.3775510204081633,0.3173185941043084,0.0914990577685126,52459.200962629766,55944.35291664041,51844.18862653583,47269.213624879565,48515.35933723604,51586.836583670534,49847.604968053,50776.43873480342,54195.002985089515,52343.591413680544,53511.16229123876,56833.09100725377,61176.19002074521,64429.73711552472,68503.53755362962,70875.54677170778,77072.57970570955,79408.06464714474,58143.98329256516,9866.496370730769
[dataset=us_birth]_[cv_splitter=SlidingWindowSplitter],naive_mean_ConformalIntervals_conformal,1.0959208011627195,3181.106650178875,2741.2256868721365,2605.693051697631,2101.861001967242,2267.954879282802,2174.4142298077672,1974.597775995798,1834.8553256699313,2002.0915858909832,1868.777593962466,1947.1017349977,1839.52053850742,2210.821145007091,1976.6120517280524,2845.28589258821,2360.427264030409,2984.982152517906,2356.9474851981877,2293.0153358833672,415.8017143030313,988.4539014964166,1023.2300570336016,1042.6298624329092,845.8565341558775,980.8351567647644,1027.5701828630197,911.0089177158306,1063.4623599984388,1074.292915585001,1090.29027757714,1128.8160131814684,1245.5359016290236,1222.4868553972442,1316.0355060652964,1428.0505777297767,1626.398343724103,1631.323340145123,1683.6470201623065,1184.9957624254075,254.9255509490737,0.9285714285714286,1.0,1.0,1.0,1.0,1.0,1.0,1.0,1.0,1.0,1.0,0.9642857142857144,1.0,1.0,1.0,0.9642857142857144,1.0,1.0,0.992063492063492,0.0195828171626184,0.0688775510204081,0.2882653061224489,0.3826530612244898,0.3010204081632653,0.4464285714285715,0.2704081632653061,0.3928571428571429,0.2474489795918367,0.2321428571428571,0.3214285714285714,0.336734693877551,0.4183673469387755,0.25,0.4107142857142857,0.3571428571428571,0.2346938775510204,0.3698979591836734,0.3775510204081632,0.3170351473922903,0.0915478547908791,38410.3687948012,40929.20228134405,41705.19449731634,33834.261366235085,39233.40627059057,41102.80731452077,36440.35670863322,42538.49439993752,42971.716623400025,43611.611103085575,45152.64052725873,49627.792540246,48899.47421588975,52641.420242611835,57122.023109191054,64905.34570694306,65252.93360580489,67345.88080649222,47318.05167301677,10233.555624848002
[dataset=us_birth]_[cv_splitter=SlidingWindowSplitter],naive_mean_ConformalIntervals_empirical,1.1065919399261477,3029.143970540895,2695.40039937498,2352.7580881873223,2044.07942294308,2158.9088466970434,2245.003569536406,1891.6368308331375,1700.998014516075,1828.5969292261532,1750.34467934953,1816.3996797258544,1877.5193358942115,1844.036208014071,2315.192006362224,2068.138998578705,2252.891152123394,2521.42057973694,2418.690745646482,2156.175525404806,359.4404007050856,951.8592069987174,957.2006636762684,972.379907956164,799.5925027393496,946.5117267951076,923.6424229098362,875.9834855885599,985.8561012683322,1036.923578055823,1005.1507705967078,1034.3962946625404,1158.192251478653,1217.0454961663131,1125.6264128024914,1358.1490286625678,1581.0396775253223,1410.307282022216,1649.3497986944326,1110.5114782555222,242.03674845955888,0.9642857142857144,1.0,1.0,1.0,1.0,1.0,1.0,1.0,1.0,1.0,1.0,0.9642857142857144,1.0,1.0,1.0,0.9642857142857144,1.0,1.0,0.9940476190476192,0.0136958033722744,0.0688775510204081,0.2882653061224489,0.3826530612244898,0.3010204081632653,0.4464285714285715,0.2678571428571428,0.3903061224489796,0.2499999999999999,0.2321428571428571,0.3137755102040816,0.3418367346938775,0.4158163265306123,0.2474489795918367,0.4107142857142857,0.3520408163265305,0.2397959183673469,0.3698979591836733,0.3775510204081632,0.316468253968254,0.0910222663240426,36878.81813954346,38288.02654705072,38895.19631824655,31983.70010957396,37860.46907180429,36945.69691639343,35039.33942354238,39434.24405073326,41476.94312223291,40206.03082386829,41375.8517865016,46322.2581386856,48681.81984665249,45025.05651209963,54325.96114650268,62952.06864397969,56412.291280888625,65973.99194777726,44337.653545893154,9698.604155385116
[dataset=us_birth]_[cv_splitter=SlidingWindowSplitter],naive_mean_ConformalIntervals_empirical_residual,1.0809059143066406,2217.057038742827,1528.5679578046672,1337.853775700574,1164.7990000245577,1350.1409724391706,1421.6188768013055,1153.3098026608986,997.8887409080336,987.8350751145472,975.58493655604,981.9485620707871,1223.229135127584,1022.6950549571606,1303.940421623052,1218.2565497592025,1346.1739925648174,1331.6982284543888,1318.345933850038,1271.1635586199804,289.5114960120433,782.5237634942927,106.90071102511736,108.20150607815934,127.20218030371072,330.2400822196685,131.96125075787174,248.96717021541363,172.5702876830223,207.50943126561137,255.65466020329544,139.90348710934958,447.1846006265971,281.02898902862387,499.8181213521394,181.7135670147053,285.474376508438,188.1530615065651,259.34561976711234,264.13071478664966,169.4394072022599,0.0357142857142857,0.8571428571428571,0.7142857142857143,0.7142857142857143,0.3214285714285714,0.8214285714285714,0.4642857142857143,0.6071428571428571,0.5357142857142857,0.3571428571428571,0.6428571428571429,0.2857142857142857,0.4642857142857143,0.25,0.7142857142857143,0.6785714285714286,0.6785714285714286,0.5357142857142857,0.5376984126984127,0.2196363571567498,0.0688775510204081,0.2882653061224489,0.3801020408163265,0.298469387755102,0.4464285714285715,0.2704081632653061,0.3877551020408163,0.2499999999999999,0.2321428571428571,0.3112244897959183,0.3341836734693877,0.4209183673469388,0.25,0.4107142857142856,0.3520408163265306,0.2321428571428571,0.3698979591836734,0.3775510204081632,0.3156179138321995,0.091263070712249,2196.8024418032096,2839.0114398833443,2135.28604385499,1816.2229396867929,1802.5117186213065,1929.272756319858,2052.1151102804583,1488.782132893277,969.2630442314546,1207.0795173773688,1165.570075492668,1482.5195573645171,993.921702969143,1154.707520123759,1818.784600381708,1959.8553716066713,2057.7714075145855,1980.5592209954616,1725.0020334111432,494.776324115326
[dataset=us_birth]_[cv_splitter=SlidingWindowSplitter],naive_mean_Fallback,0.4618518352508545,3131.919465815202,2901.9562798480524,2832.589302676,2571.194610020679,2747.4781715881404,2864.190808092294,2672.8270692987458,2798.587501366072,2878.0112260466353,2884.778356623141,3025.499256041731,3341.0544636944846,3446.245535867046,3505.918160090201,3778.468029449901,4254.311632928896,4356.6980286416265,4491.451686286422,3249.065532465293,603.7487045913698,975.8210543085338,1011.479528158062,988.460425746483,892.0968001732851,921.4279758070056,995.5055573592876,907.1439153751608,969.9578417941924,986.7952350584594,996.4991340035308,1054.3461638803517,1127.2856309654503,1184.5019036653573,1193.729177245359,1317.3572743552568,1462.4213952423402,1519.2114759351214,1555.151436973816,1114.3995514470585,213.6348099305295,0.9642857142857144,1.0,1.0,1.0,0.9642857142857144,1.0,1.0,1.0,0.9642857142857144,1.0,1.0,0.9642857142857144,1.0,1.0,1.0,0.9642857142857144,1.0,1.0,0.9900793650793652,0.0164603071058027,0.0688775510204081,0.2882653061224489,0.3826530612244898,0.3010204081632653,0.4464285714285715,0.2678571428571428,0.3928571428571429,0.2499999999999999,0.2321428571428571,0.3214285714285713,0.3418367346938775,0.4209183673469388,0.25,0.4107142857142857,0.3520408163265305,0.2372448979591837,0.3698979591836734,0.3775510204081632,0.3173185941043084,0.0914990577685126,38142.11169755634,40459.181126322466,39538.4170298593,35683.87200693139,36849.7422651411,39820.22229437148,36285.756615006416,38798.313671767675,39452.29070037721,39859.96536014121,42173.84655521405,44828.76087429184,47380.076146614265,47749.167089814335,52694.29097421025,58190.24454004162,60768.45903740481,62206.057478952614,44493.37641466768,8553.011489861141
[dataset=us_birth]_[cv_splitter=SlidingWindowSplitter],naive_mean_NaiveVariance,6.693554878234863,3155.3763401743804,2938.895327156673,2848.4761770774553,2574.70411106956,2764.530167676618,2857.4704229924027,2637.7780940823063,2812.762372015208,2874.9149875844714,2893.979582613737,3020.8585401720916,3328.008151339222,3458.4842287469028,3528.2162462661227,3805.325886815053,4279.064930653144,4362.546438258676,4474.190115711741,3256.4212289114316,605.3029942309647,984.6775137667094,1024.590144822635,994.0995046308486,893.3799354311811,927.562900027863,993.1301839401004,894.4490813917786,975.0151807602545,985.6128626412136,999.7977509311507,1052.7338690701167,1122.5666262772193,1188.9315098411566,1201.8584232471862,1326.8926968725243,1471.058369728298,1521.286085705859,1549.0684397205368,1117.039504378146,214.0857192575396,0.9642857142857144,1.0,1.0,1.0,1.0,1.0,1.0,1.0,0.9642857142857144,1.0,1.0,0.9642857142857144,1.0,1.0,1.0,0.9642857142857144,1.0,1.0,0.992063492063492,0.0152783082838035,0.0688775510204081,0.2882653061224489,0.3826530612244898,0.3010204081632653,0.4464285714285715,0.2678571428571428,0.3928571428571429,0.2499999999999999,0.2321428571428571,0.3214285714285713,0.3418367346938775,0.4209183673469388,0.25,0.4107142857142857,0.3520408163265306,0.2372448979591837,0.3698979591836734,0.3775510204081632,0.3173185941043084,0.0914990577685126,38512.49220695784,40983.605792905386,39763.98018523393,35735.19741724723,37102.516001114505,39725.207357604,35777.96325567112,39000.60723041016,39411.50656866472,39991.910037246,42109.35476280465,44643.53730353443,47557.26039364625,48074.33692988743,53075.707874900974,58549.09288734076,60851.44342823433,61962.73758882145,44601.58095679028,8569.544863925841
[dataset=us_birth]_[cv_splitter=SlidingWindowSplitter],naive_mean_SquaringResiduals,31.855920791625977,3454.2744893576487,2302.418244902939,1890.556090647406,1790.395214118073,2419.4866546560356,2076.303885472482,1921.073283174928,2383.8593091489315,2514.8004817371034,2190.8155861313353,2050.6466400152167,2814.906088542034,2853.0711169622414,2714.545468721383,2568.5027010173985,3313.33606997316,3270.491673716867,2976.0754518351455,2528.086580562796,508.6999650686601,954.1450274608674,775.0468198141616,652.0056029241068,606.3639447087439,701.3481499365753,716.1264533431704,646.6744235840338,799.7939485169708,818.7657671328648,759.7227665345645,703.9349150883371,795.301203366128,940.3555623321593,907.46744054987,882.0748924713777,1086.6946518006057,1129.0962244249577,1014.7666010157484,827.2046886114024,152.73346439767465,0.8928571428571429,1.0,1.0,1.0,1.0,0.9642857142857144,1.0,0.9642857142857144,1.0,1.0,0.9285714285714286,1.0,1.0,1.0,1.0,1.0,1.0,0.9642857142857144,0.9841269841269842,0.030556616567607,0.0612244897959183,0.2729591836734694,0.3724489795918367,0.2933673469387755,0.4413265306122449,0.2704081632653061,0.3877551020408164,0.25,0.2602040816326531,0.3137755102040816,0.3367346938775509,0.4158163265306122,0.2525510204081632,0.4081632653061224,0.3239795918367347,0.2857142857142857,0.3698979591836734,0.3775510204081632,0.3163265306122449,0.087935686218389,35046.24099930144,31001.872792566453,26080.224116964255,24254.557788349743,28053.925997462997,28584.131633308833,25866.976943361344,31950.5907862192,32750.63068531457,30388.91066138257,28078.853072879127,31812.048134645105,37614.222493286354,36298.69762199478,35282.995698855084,43467.78607202421,45163.84897699828,40297.401443123665,32888.55088433545,5985.011494412023
